01KVH1Z6BH1288FX8BMWYVSXR6	CDP-ES-28-RBH3EP72	acevas	AUTOMOTORES M.S. CONDE	28	\N	\N	2026-06-19 23:03:02.257622+00
01KVH1Z67ZZCRPV2RMMZ761A47	CDP-ES-28-0T7V0Y9E	acevas	ALDAUTO MOTOR	28	\N	\N	2026-06-19 23:03:02.165178+00
01KVH1Z69EYS9YZXEW4T518YJ6	CDP-ES-33-DPANJ07V	acevas	ALECAR	33	\N	\N	2026-06-19 23:03:02.190638+00
01KVH1Z69QCS4P7FMHV0R3SXCF	CDP-ES-48-JWPVJWVP	acevas	ALZAGA MOTOR	48	\N	\N	2026-06-19 23:03:02.200071+00
01KVH1Z6A0ZSWETFSK2ZFGMN85	CDP-ES-32-Y01E6NQ3	acevas	APERSA	32	\N	\N	2026-06-19 23:03:02.208991+00
01KVH1Z6A9AE1EPEFKTP1KNF3W	CDP-ES-50-V2ADARRP	acevas	ARAGON WAGEN	50	\N	\N	2026-06-19 23:03:02.217761+00
01KVH1Z6AHKZMN3CX6EDDFNF3M	CDP-ES-15-DVM8BPR3	acevas	ARROJO	15	\N	\N	2026-06-19 23:03:02.226099+00
01KVH1Z6B2SYZFP8P3N41QV4ZN	CDP-ES-15-91DCJ5PP	acevas	AUTOGANDARA	15	\N	\N	2026-06-19 23:03:02.242642+00
01KVH1Z6B9Z83MBX0F8RHTBJSB	CDP-ES-08-9XYKCFM9	acevas	AUTOMOBILS AUTOCAM	08	\N	\N	2026-06-19 23:03:02.249792+00
01KVH1Z6BRNZQTH1TB30V7CCFY	CDP-ES-22-FXK9SXEY	acevas	AUTOMOVILES CABRERO	22	\N	\N	2026-06-19 23:03:02.264824+00
01KVH1Z6C0W79AVT47HD524NB3	CDP-ES-17-T2FH5VPB	acevas	AUTOPODIUM	17	\N	\N	2026-06-19 23:03:02.27268+00
01KVH1Z6C8BJTW8GQVZ7X2K8CX	CDP-ES-07-38D37HTC	acevas	AUTOS MISTALIA	07	\N	\N	2026-06-19 23:03:02.280784+00
01KVH1Z6CGKRT2G58522D3085B	CDP-ES-48-JVBPDD02	acevas	AUTOS ORTASA	48	\N	\N	2026-06-19 23:03:02.288502+00
01KVH1Z6CPTF18YZC97M5BNTJM	CDP-ES-29-9XPKNK53	acevas	AUTOS SAFAMAR	29	\N	\N	2026-06-19 23:03:02.295365+00
01KVH1Z6CYZQADJ4ESTKVMS5TA	CDP-ES-20-Z70N345E	acevas	AUTOWAG	20	\N	\N	2026-06-19 23:03:02.303016+00
01KVH1Z6D8A0GTY5Y8ZRZ5YFSP	CDP-ES-20-1HPHYEDQ	acevas	AUTOWAG TOLOSA	20	\N	\N	2026-06-19 23:03:02.313066+00
01KVH1Z6DFYMJ35CBXC2EKZPR9	CDP-ES-41-85SJ8NYB	acevas	AVISA	41	\N	\N	2026-06-19 23:03:02.32041+00
01KVH1Z6DTNW52ZA0YAZFZZNW8	CDP-ES-14-ZETW31RR	acevas	AVISA CÓRDOBA	14	\N	\N	2026-06-19 23:03:02.330528+00
01KVH1Z6E2M14JGWAGJPWCE09N	CDP-ES-06-2ZSWVBD2	acevas	AVISA EXTREMADURA	06	\N	\N	2026-06-19 23:03:02.338785+00
01KVH1Z6EA0BPCYJ4K0K55R0CG	CDP-ES-07-9YVWZKY9	acevas	AWAUTO	07	\N	\N	2026-06-19 23:03:02.346813+00
01KVH1Z6EHH1FF1G022SPVZ2NV	CDP-ES-39-N3NBDWKE	acevas	BAHIA AUTOMOCIÓN	39	\N	\N	2026-06-19 23:03:02.353884+00
01KVH1Z6ESRDXB559VWN8ENW32	CDP-ES-43-QRXXCKRC	acevas	BARIAUTO SERVEIS PER L´AUTOMOBIL	43	\N	\N	2026-06-19 23:03:02.361899+00
01KVH1Z6F11E9EXATHP9TTN5E5	CDP-ES-01-47K2F6Z1	acevas	BELABIA MOTOR	01	\N	\N	2026-06-19 23:03:02.369748+00
01KVH1Z6F98B1A29DTFG946PCD	CDP-ES-15-RCMJN5ZQ	acevas	BONAVAL MOVIL	15	\N	\N	2026-06-19 23:03:02.377446+00
01KVH1Z6FHMAMDFSNPA5K39X5D	CDP-ES-15-P57NM579	acevas	BONAVAL PREMIUM	15	\N	\N	2026-06-19 23:03:02.385275+00
01KVH1Z6FRY7HWZ0G0F25YDGSE	CDP-ES-04-7Q2WSYWX	acevas	CADENA AUTOMOCION	04	\N	\N	2026-06-19 23:03:02.393122+00
01KVH1Z6G0X3EYDFW88BRG319E	CDP-ES-08-QS3B58XT	acevas	CARHAUS	08	\N	\N	2026-06-19 23:03:02.401204+00
01KVH1Z6G83DQVT80FXTHFED7T	CDP-ES-27-HNCKD70V	acevas	CEAO MOTOR	27	\N	\N	2026-06-19 23:03:02.408488+00
01KVH1Z6GFHF4Q2B9HE79D8B0Z	CDP-ES-06-BZYDYZNM	acevas	CENTROWAGEN	06	\N	\N	2026-06-19 23:03:02.415812+00
01KVH1Z6GP0Z3NJ0SBJED51N63	CDP-ES-34-04ZWDBTV	acevas	COLLADO BARCENILLA	34	\N	\N	2026-06-19 23:03:02.422717+00
01KVH1Z6GY32F83G1V1KH6QEK3	CDP-ES-28-XGH242SJ	acevas	COMATRASA	28	\N	\N	2026-06-19 23:03:02.430515+00
01KVH1Z6H61N445P0VYFD7KYTH	CDP-ES-25-TG37KWHS	acevas	DALMAU MOTOR	25	\N	\N	2026-06-19 23:03:02.439005+00
01KVH1Z6HE5W25JKTHC0ES7T6T	CDP-ES-29-KMFZNPXC	acevas	DISMOAUTO	29	\N	\N	2026-06-19 23:03:02.446582+00
01KVH1Z6HN0C87XPNDV5MT45CS	CDP-ES-23-QSVH6S7Z	acevas	ESPAWAGEN	23	\N	\N	2026-06-19 23:03:02.45375+00
01KVH1Z6HXBP49F5K9X36G4WE3	CDP-ES-28-A0PBXQB9	acevas	F. TOME	28	\N	\N	2026-06-19 23:03:02.461632+00
01KVH1Z6J5XG0J1KT6CYMFSV6X	CDP-ES-32-V62NVNRW	acevas	GADASA	32	\N	\N	2026-06-19 23:03:02.469632+00
01KVH1Z6JDBCXEDWCB440R9DHG	CDP-ES-18-Y9GCXT41	acevas	GILAUTO	18	\N	\N	2026-06-19 23:03:02.478239+00
01KVH1Z6JNBHQWXDCEAZ0QX2JT	CDP-ES-37-HPEY55J7	acevas	HELMÁNTICA	37	\N	\N	2026-06-19 23:03:02.485856+00
01KVH1Z6JXWG8E4NR7RVS8W21K	CDP-ES-39-J7S6QE2J	acevas	HERCOS PARAYAS	39	\N	\N	2026-06-19 23:03:02.493724+00
01KVH1Z6K4J62KRB6A6838A750	CDP-ES-30-CJ3SNGZ8	acevas	HUERTAS MOTOR CARTAGENA	30	\N	\N	2026-06-19 23:03:02.501111+00
01KVH1Z6KKQNTZ211Z34BR0JYT	CDP-ES-31-TVRMTATM	acevas	IRUMOVIL	31	\N	\N	2026-06-19 23:03:02.515356+00
01KVH1Z6KVAB5SXFKYZ8V7TZSQ	CDP-ES-31-SRV6DJGJ	acevas	IRUÑAMOVIL	31	\N	\N	2026-06-19 23:03:02.523791+00
01KVH1Z6M3BQY2CC5YW0Z8X593	CDP-ES-28-KCNH4G01	acevas	J.S. SEALCO AUTOMOCION	28	\N	\N	2026-06-19 23:03:02.531979+00
01KVH1Z6MBK5JRY7808PYBE5FT	CDP-ES-28-Z0R97APF	acevas	JARMAUTO	28	\N	\N	2026-06-19 23:03:02.539307+00
01KVH1Z6MH3HJV3HXSN8JCEDVM	CDP-ES-03-90ZAKW4W	acevas	JORRO IMPORT	03	\N	\N	2026-06-19 23:03:02.546226+00
01KVH1Z6MSZG83MGDBD6GFHXRJ	CDP-ES-46-KQ0GZ9KP	acevas	JR VALLE MOTOR	46	\N	\N	2026-06-19 23:03:02.55356+00
01KVH1Z6N1VK2H7M47HBMHBYY6	CDP-ES-08-3FBWK8BC	acevas	LAMPIS AUTOMOCIÓ	08	\N	\N	2026-06-19 23:03:02.562561+00
01KVH1Z6N9CTAVEDH8C6GEFWRR	CDP-ES-28-8MTXKFDX	acevas	M. CONDE	28	\N	\N	2026-06-19 23:03:02.569468+00
01KVH1Z6NGE9T7FJ7A1XZ7NMQT	CDP-ES-28-QC11584X	acevas	M. CONDE PREMIUM	28	\N	\N	2026-06-19 23:03:02.576476+00
01KVH1Z6NPYDCD3226E8ZP4X0H	CDP-ES-20-BHMS7NXX	acevas	MENABI	20	\N	\N	2026-06-19 23:03:02.583015+00
01KVH1Z6NXWG68BWHTSMZJH3XK	CDP-ES-20-B1TWWC1J	acevas	MENAI	20	\N	\N	2026-06-19 23:03:02.590167+00
01KVH1Z6QWGDGFRXXWS2ESHTZ9	CDP-ES-02-06XDGFDK	acevas	MOVILMAOR	02	\N	\N	2026-06-19 23:03:02.657586+00
01KVH1Z6P40G3ZP9PPVTX43QJW	CDP-ES-43-MYNM06MF	acevas	MERKAMOTOR-TORTOSA	43	\N	\N	2026-06-19 23:03:02.596957+00
01KVH1Z6PCQSXS0ZY3WWFN090A	CDP-ES-08-RVZ8X4DW	acevas	MOGADEALER	08	\N	\N	2026-06-19 23:03:02.604921+00
01KVH1Z6PN59VXYYTEH13XRS70	CDP-ES-08-CPM8MH5V	acevas	MOGAUTO	08	\N	\N	2026-06-19 23:03:02.613803+00
01KVH1Z6PXEAAFET9KCZ3XC0Q3	CDP-ES-28-Q92713SV	acevas	MOTOR PACIFICO	28	\N	\N	2026-06-19 23:03:02.621849+00
01KVH1Z6Q51FEKSPAHMRS9VAY0	CDP-ES-28-E3DVCHBA	acevas	MOTOR TOME	28	\N	\N	2026-06-19 23:03:02.629691+00
01KVH1Z6QBE20AB2Q3ZGRTRYF8	CDP-ES-36-XKEEZ1H6	acevas	MOURENTE MOTOR AUTOMOCION	36	\N	\N	2026-06-19 23:03:02.636252+00
01KVH1Z6QK5E93RAYKT61MJPM8	CDP-ES-08-RF74PK1K	acevas	MOVENTO SARSA MOTOR	08	\N	\N	2026-06-19 23:03:02.643743+00
01KVH1Z6QT4GCJY37BKVKD9EHE	CDP-ES-08-ZYPB2T2M	acevas	MOVENTO SARSA VALLÉS	08	\N	\N	2026-06-19 23:03:02.650615+00
01KVH1Z6R98GDRS4E9SYFN2M47	CDP-ES-15-6YHGZ2D2	acevas	MOVILRIA	15	\N	\N	2026-06-19 23:03:02.666136+00
01KVH1Z6RHXN898Y5DENEES3N5	CDP-ES-19-2CSKBBS7	acevas	MOVILSAN VEHICULOS	19	\N	\N	2026-06-19 23:03:02.673577+00
01KVH1Z6RR53SCPR76MH98BJFN	CDP-ES-40-7JF8HP3J	acevas	NUÑEZ AUTOMOCION	40	\N	\N	2026-06-19 23:03:02.680977+00
01KVH1Z6S0KM9FAXGH3P6GR76Q	CDP-ES-23-YQXFX4BF	acevas	OLIVAUTO	23	\N	\N	2026-06-19 23:03:02.688343+00
01KVH1Z6S65BPV6THZ3XAPSDHK	CDP-ES-39-08RNM914	acevas	PARTE AUTOMOVILES	39	\N	\N	2026-06-19 23:03:02.695265+00
01KVH1Z6SEAJN0S0XAQ0KFGAEV	CDP-ES-12-JAW7CMJ6	acevas	QUADIS MARZA	12	\N	\N	2026-06-19 23:03:02.702607+00
01KVH1Z6SNJGKP24WDPQNQZ2GF	CDP-ES-08-02BMWWV1	acevas	QUADIS MOTORSOL	08	\N	\N	2026-06-19 23:03:02.70951+00
01KVH1Z6SWS5D27ZHZSBQ879JE	CDP-ES-08-Y07T3FDR	acevas	QUADIS MOTORSOL IMPORT	08	\N	\N	2026-06-19 23:03:02.716847+00
01KVH1Z6T3PV4Y3BWWN2DF5P5N	CDP-ES-26-5N1J1FW8	acevas	RIOJA MOTOR	26	\N	\N	2026-06-19 23:03:02.723461+00
01KVH1Z6TBK7SS6Q9D2EBQHBWP	CDP-ES-29-KGSHMVBK	acevas	SAFAMOTOR	29	\N	\N	2026-06-19 23:03:02.731556+00
01KVH1Z6TJ9DRT4C1RC55Y3Q3K	CDP-ES-31-TE2TE7C3	acevas	SAGAMOVIL	31	\N	\N	2026-06-19 23:03:02.738691+00
01KVH1Z6TSQWCDVDCAZAHQYPS5	CDP-ES-03-D8C1PRMA	acevas	SALA HERMANOS	03	\N	\N	2026-06-19 23:03:02.745816+00
01KVH1Z6V06ZDQCQER30RT1KHM	CDP-ES-10-GJAMY6RJ	acevas	SANTANO AUTOMOCION	10	\N	\N	2026-06-19 23:03:02.752721+00
01KVH1Z6V76QVMCYHHRGHYD0BG	CDP-ES-04-GQH68BTP	acevas	SAVEAUTO	04	\N	\N	2026-06-19 23:03:02.760314+00
01KVH1Z6WP0YVFS9Q0ASXMAW0X	CDP-ES-08-SB0387F6	acevas	SUPERWAGEN	08	\N	\N	2026-06-19 23:03:02.807506+00
01KVH1Z6VFQ6JYGQZ7P0DCPKY0	CDP-ES-28-60C27F0X	acevas	SEALCO MOTOR	28	\N	\N	2026-06-19 23:03:02.768157+00
01KVH1Z6VQCAH7MZJ8CRT4XCDK	CDP-ES-03-YRXFFVCD	acevas	SERRAIMPORT	03	\N	\N	2026-06-19 23:03:02.776403+00
01KVH1Z6VZTFRYQB1B8YAQNJWP	CDP-ES-03-6Y1NZKEA	acevas	SERRAMOVIL	03	\N	\N	2026-06-19 23:03:02.784065+00
01KVH1Z6W7TTWGF4HEMZRHDNAQ	CDP-ES-30-2P5VMJNP	acevas	SKOMOVIL CENTER AUTOMOCIÓN	30	\N	\N	2026-06-19 23:03:02.791571+00
01KVH1Z6WF851JEPEPQYGNK5KY	CDP-ES-11-GMA5PZH5	acevas	SOLERA MOTOR	11	\N	\N	2026-06-19 23:03:02.799831+00
01KVH1Z6WYQ4CRRRCTFEHMCZ7T	CDP-ES-34-MMQKR120	acevas	TALLERES AUTO FFAM	34	\N	\N	2026-06-19 23:03:02.814701+00
01KVH1Z6X59N1EZ4JJ7VTHZQC5	CDP-ES-13-3ZCH9WCQ	acevas	TALLERES MANCHEGOS	13	\N	\N	2026-06-19 23:03:02.822445+00
01KVH1Z6XD7X2GB1DX20T69KW5	CDP-ES-24-TEM3T33H	acevas	TELENAUTO	24	\N	\N	2026-06-19 23:03:02.829794+00
01KVH1Z6XNHZR1S4QRGQ6664TK	CDP-ES-09-WA5902EH	acevas	URAL MOTOR	09	\N	\N	2026-06-19 23:03:02.837605+00
01KVH1Z6XX06QQVSBCNFX74XP8	CDP-ES-41-9H5B053G	acevas	UTREWAL	41	\N	\N	2026-06-19 23:03:02.845752+00
01KVH1Z6Y6SWNKFD9N33SMFARA	CDP-ES-20-8F7FR5HP	acevas	VASA	20	\N	\N	2026-06-19 23:03:02.855+00
01KVH1Z6YMW4YAVNXX4V2EC728	CDP-ES-04-8AXQVJGS	acevas	VERA IMPORT	04	\N	\N	2026-06-19 23:03:02.8692+00
01KVH1Z6YW9CRXTBNCDPJC1G04	CDP-ES-08-ZQ0F2H4H	acevas	VILAMOBIL MOTOR	08	\N	\N	2026-06-19 23:03:02.87634+00
01KVH1Z6Z33S1TBP30NAJ2ZF7M	CDP-ES-46-AT2XPGMA	acevas	VOLCENTER VALENCIA	46	\N	\N	2026-06-19 23:03:02.883821+00
01KVH1Z6ZBGD9TQ45J4ZYEGPX9	CDP-ES-02-3XCKFG7Y	acevas	WAGEN MOTORS	02	\N	\N	2026-06-19 23:03:02.891627+00
01KVH1Z6ZHCQYAPBNNWDG4SP5X	CDP-ES-15-0XP18DET	acevas	YAÑEZ	15	\N	\N	2026-06-19 23:03:02.898424+00
01KVH1Z6ZS7QR1TEW5NCYSVVNF	CDP-ES-50-1E805PAV	acevas	ZARATECNO	50	\N	\N	2026-06-19 23:03:02.905502+00
01KVH1ZAH8MEBHP39JX3ZKZ4M4	CDP-ES-08-TJQD5VH3	aecs	AUTOCOMERCIAL MAAM, S.L.	08	\N	https://www.dimoauto.com	2026-06-19 23:03:06.537436+00
01KVH1ZAECAFM46F8NV7WYE6P1	CDP-ES-50-ZP5B4ZRR	aecs	ARAGONESA DE AUTOMOVILES (ZARAGOZA)	50	\N	https://www.aramovil.es	2026-06-19 23:03:06.445936+00
01KVH1ZAEX3BY71SEE1MYPCPGZ	CDP-ES-29-YZ22V06W	aecs	AUSOL 2009. S.L.	29	\N	https://www.peugeot-ausol.es	2026-06-19 23:03:06.462357+00
01KVH1ZAFCX068J091GJNYMET8	CDP-ES-39-V2T85QVZ	aecs	AUTO PALAS, S.A.	39	\N	https://www.autopalas.com	2026-06-19 23:03:06.477862+00
01KVH1ZAM06AQPH1H3Y8FXMPHK	CDP-ES-14-JTHSNW6J	aecs	AUTOMOBILITY CORDOBA Y SERVICIOS	14	\N	https://redoficial.opel.es/automobility-cordoba/	2026-06-19 23:03:06.625466+00
01KVH1ZAMCF2TKHZD8TZR52YPB	CDP-ES-05-G8EP9SBT	aecs	AUTOMOVILES CERVERA, S.A.	05	\N	https://www.grupocervera.com	2026-06-19 23:03:06.638385+00
01KVH1ZAN6Y4SKJ5V10KSC272E	CDP-ES-46-P8Y5F7V6	aecs	AUTOMOVILES JUAN GINER,S.A.	46	\N	https://www.juanginer.es	2026-06-19 23:03:06.662875+00
01KVH1ZAQD4QS5VVWNQ8X5MD5F	CDP-ES-08-TZ7VSCBV	aecs	AUTOMOVILES VICAUTO, S.A.	08	\N	https://redcomercial.peugeot.es/vicauto/	2026-06-19 23:03:06.735265+00
01KVH1ZAQRHGC4BAPWZ2SG6PVK	CDP-ES-30-RBCJHME1	aecs	AUTOS MARCOS (MURCIA)	30	\N	https://www.marcosautomocion.es	2026-06-19 23:03:06.745596+00
01KVH1ZAR26XVYFTQH1C3V8MNB	CDP-ES-03-RBCJHME1	aecs	AUTOS MARCOS, S.A. (ORLANDO)	03	\N	https://www.marcosautomocion.es	2026-06-19 23:03:06.755934+00
01KVH1ZART8AGE6NRD5F4P8SJT	CDP-ES-03-E2QGWV4G	aecs	BORJAMOTOR, S.A.	03	\N	https://opelborjamotor.com	2026-06-19 23:03:06.779027+00
01KVH1ZAS2X6YDV7KGZB2M3C3H	CDP-ES-51-JKMZ4MA1	aecs	BORRAS Y BALLESTEROS, S.A.	51	\N	https://redcomercial.peugeot.es/borrasyballesteros/	2026-06-19 23:03:06.787513+00
01KVH1ZASA51G1BQBRMZG0GQA1	CDP-ES-29-923H8ZCF	aecs	CAETANO MOTORS  MALAGA, S.L. (IBERICAR)	29	\N	https://www.caetanoretail.es/peugeot/caetano-motors-malaga/	2026-06-19 23:03:06.795626+00
01KVH1ZASJ6ZGK8FCYRQZRENRA	CDP-ES-11-QZZKE2A8	aecs	CAETANO MOTORS CADIZ, S.L. (IBERICAR)	11	\N	https://www.caetanoretail.es/peugeot/caetano-motors-cadiz/	2026-06-19 23:03:06.803547+00
01KVH1ZAT29S6S75FVGSBJGSB4	CDP-ES-50-X6BF20DG	aecs	CARZA, S.A.	50	\N	https://www.carza-zaragoza.es	2026-06-19 23:03:06.819306+00
01KVH1ZATMYG9BMQZ640DA76Q9	CDP-ES-14-Q1Z4F48E	aecs	CORDOBESA DE SERVICIOS, SAU	14	\N	https://www.eticalidad.com/leapmotor-cosersa/	2026-06-19 23:03:06.837417+00
01KVH1ZAXRRYE7VDJHD0MJ6E2Y	CDP-ES-43-6V11FYYK	aecs	JOAQUIN OLIVA, S.A.	43	\N	https://www.joaquinoliva.com	2026-06-19 23:03:06.93689+00
01KVH1ZAVJGY6EP1Q841VJE01V	CDP-ES-46-99YD0J2P	aecs	EDAUTO, S.A.	46	\N	https://www.edauto.es	2026-06-19 23:03:06.86779+00
01KVH1ZAW99P8P6P2ZB1Z7YQKV	CDP-ES-49-HPABCT2P	aecs	ESLAUTO AUTOMOCIÓN, S.L.U. (SALAMANCA)	49	\N	https://www.hervimotor.com	2026-06-19 23:03:06.890382+00
01KVH1ZAWHTSF72KCJ0WT9NNQE	CDP-ES-08-QKXHMK6W	aecs	EUTRASA	08	\N	https://www.eutrasa.com	2026-06-19 23:03:06.898145+00
01KVH1ZAWS270X2CDY920G1FBX	CDP-ES-10-261K4KT0	aecs	EXTRECAR, S.L.	10	\N	https://www.extrecar.es	2026-06-19 23:03:06.906475+00
01KVH1ZAXGRCC8D6W0J3TR17X1	CDP-ES-45-C74TA5QM	aecs	HERMANOS VIÑARAS TOLEDO, S.A.	45	\N	https://www.hermanosvinaras.com	2026-06-19 23:03:06.929102+00
01KVH1ZAY6AP7T033GYG709J58	CDP-ES-48-AHXCFSMQ	aecs	KAREALDE. S.A.	48	\N	https://www.karealde.com	2026-06-19 23:03:06.951732+00
01KVH1ZAYN5GKDD0KDK2YJQP0Q	CDP-ES-33-G9EYCWZG	aecs	LOZAUTO, S.A.	33	\N	https://www.lozauto.com	2026-06-19 23:03:06.966152+00
01KVH1ZAYXV3WDYA6F5K3CJ2FB	CDP-ES-08-9Y4W4S2B	aecs	MAAS EXCLUSIVAS PONT S.A.U.	08	\N	https://maas.es/leapmotor	2026-06-19 23:03:06.973627+00
01KVH1ZAZCR5FQ6TDYP95TAHDE	CDP-ES-28-G30E7GFK	aecs	MOTOR TRESCANTOS, S.A.	28	\N	https://www.motortrescantos.es	2026-06-19 23:03:06.98873+00
01KVH1ZAZM2907M3BA2YK588QJ	CDP-ES-28-QNDG5BFE	aecs	MOTORCAR NORTE, S.L.	28	\N	https://www.motorcarnorte.com	2026-06-19 23:03:06.99687+00
01KVH1ZB03X72AN2FQHDAEJEVH	CDP-ES-38-11XTDSV0	aecs	ORVECAME, TENERIFE, S.L.	38	\N	https://www.orvecame.com	2026-06-19 23:03:07.011477+00
01KVH1ZB0AVWKQHW0TQS93R528	CDP-ES-03-D4EFQ2AD	aecs	PEUMOVIL, S.L.	03	\N	https://www.peumovil.com	2026-06-19 23:03:07.01976+00
01KVH1ZB0TXB4GNPX0C6RTKYR4	CDP-ES-17-Z206A261	aecs	QUADIS ANDREU, S.L.	17	\N	https://www.quadis.es	2026-06-19 23:03:07.035574+00
01KVH1ZB12VXYADPFSRCD56K94	CDP-ES-26-SD1TT9AZ	aecs	RIOJANA DE AUTOMOCION, S.A.	26	\N	https://www.grupoagromotor.com/	2026-06-19 23:03:07.043545+00
01KVH1ZB2VNVZ0YK8WV9NYM5ZQ	CDP-ES-48-7PAQ3W40	aecs	URKIOLA MOTOR, S.L.U	48	\N	https://www.urkiolamotor.com	2026-06-19 23:03:07.099703+00
